ancestry,match_name,match_admin,sharedCM,segments,side,mrca,gens,notes
anc_id 1,match_name 1,match_admin 1,3475,24,M,mrca 1,1,
anc_id 2,match_name 2,match_admin 2,3488.76,23,both,mrca 1,1,
anc_id 3,match_name 3,match_admin 3,3474.8535,24,both,mrca 1,1,
anc_id 4,match_name 4,match_admin 4,3460.2605,27,both,mrca 1,1,
anc_id 5,match_name 5,match_admin 5,2462.8625,45,both,mrca 1,1,
anc_id 6,match_name 6,match_admin 6,1064.4313,26,P,mrca 2.01,2.01,
anc_id 7,match_name 7,match_admin 7,980.7231,31,P,mrca 2.01,2.01,
anc_id 8,match_name 8,match_admin 8,875.7783,36,M,mrca 2.02,2.02,
anc_id 9,match_name 9,match_admin 9,481.1983,23,M,mrca 2.02,2.02,
anc_id 10,match_name 10,match_admin 10,436.0681,15,M,mrca 3.04,3.04,
anc_id 11,match_name 11,match_admin 11,283.0643,11,M,mrca 3.04,3.04,
anc_id 12,match_name 12,match_admin 12,279.178,14,M,mrca 3.03,3.03,
anc_id 13,match_name 13,match_admin 13,250.9976,10,M,mrca 3.04,3.04,
anc_id 14,match_name 14,match_admin 14,235.973,11,P,mrca 3.01,3.01,
anc_id 15,match_name 15,match_admin 15,228.1195,11,P,mrca 3.01,3.01,
anc_id 16,match_name 16,match_admin 16,209.7103,9,M,mrca 3.03,3.03,
anc_id 17,match_name 17,match_admin 17,206.9648,9,P,mrca 3.01,3.01,
anc_id 18,match_name 18,match_admin 18,204.28,12,M,mrca 3.04,3.04,
anc_id 19,match_name 19,match_admin 19,202.3204,8,M,mrca 3.03,3.03,
anc_id 20,match_name 20,match_admin 20,199.5278,11,M,mrca 3.03,3.03,
anc_id 21,match_name 21,match_admin 21,186.8148,10,M,mrca 3.04,3.04,
anc_id 22,match_name 22,match_admin 22,182.0506,7,P,mrca 4.02,4.02,
anc_id 23,match_name 23,match_admin 23,179.193,10,M,mrca 3.04,3.04,
anc_id 24,match_name 24,match_admin 24,178.788,8,M,mrca 3.03,3.03,
anc_id 25,match_name 25,match_admin 25,169.454,9,M,mrca 3.03,3.03,
anc_id 26,match_name 26,match_admin 26,168.949,9,P,mrca 4.02,4.02,
anc_id 27,match_name 27,match_admin 27,168.5889,8,M,mrca 3.03,3.03,
anc_id 28,match_name 28,match_admin 28,165.3559,5,P,mrca 4.03,4.03,
anc_id 29,match_name 29,match_admin 29,164.442,4,P,mrca 3.01,3.01,
anc_id 30,match_name 30,match_admin 30,162.1001,7,M,mrca 3.03,3.03,
anc_id 31,match_name 31,match_admin 31,157.4156,10,M,mrca 3.04,3.04,
anc_id 32,match_name 32,match_admin 32,156.105,7,M,mrca 3.04,3.04,
anc_id 33,match_name 33,match_admin 33,153.3381,7,P,mrca 4.02,4.02,
anc_id 34,match_name 34,match_admin 34,152.9746,5,M,mrca 3.03,3.03,
anc_id 35,match_name 35,match_admin 35,152.0861,4,M,mrca 3.04,3.04,
anc_id 36,match_name 36,match_admin 36,151.0626,3,M,mrca 3.03,3.03,
anc_id 37,match_name 37,match_admin 37,150.507,9,M,mrca 3.04,3.04,
anc_id 38,match_name 38,match_admin 38,149.2688,8,M,mrca 3.04,3.04,
anc_id 39,match_name 39,match_admin 39,148.0589,6,P,mrca 3.02,3.02,
anc_id 40,match_name 40,match_admin 40,147.8976,6,M,mrca 5.1,5.1,
anc_id 41,match_name 41,match_admin 41,144.1254,5,M,mrca 3.03,3.03,
anc_id 42,match_name 42,match_admin 42,142.76,3,P,mrca 3.01,3.01,
anc_id 43,match_name 43,match_admin 43,140.3023,3,P,mrca 4.01,4.01,
anc_id 44,match_name 44,match_admin 44,138.9952,9,M,mrca 3.04,3.04,
anc_id 45,match_name 45,match_admin 45,138.9753,8,M,mrca 3.03,3.03,
anc_id 46,match_name 46,match_admin 46,133.7918,7,M,mrca 3.03,3.03,
anc_id 47,match_name 47,match_admin 47,129.9651,8,M,mrca 3.04,3.04,
anc_id 48,match_name 48,match_admin 48,128.5688,7,M,mrca 3.03,3.03,
anc_id 49,match_name 49,match_admin 49,127.734,3,M,mrca 3.03,3.03,
anc_id 50,match_name 50,match_admin 50,125.605,8,P,mrca 2.01,2.01,
anc_id 51,match_name 51,match_admin 51,123.5011,5,M,mrca 3.03,3.03,
anc_id 52,match_name 52,match_admin 52,119.5102,6,M,mrca 5.1,5.1,
anc_id 53,match_name 53,match_admin 53,118.065,6,Unknown,mrca 3.03,3.03,
anc_id 54,match_name 54,match_admin 54,115.5982,4,P,mrca 3.02,3.02,
anc_id 55,match_name 55,match_admin 55,114.0046,4,M,mrca 3.03,3.03,
anc_id 56,match_name 56,match_admin 56,113.4937,7,M,mrca 5.1,5.1,
anc_id 57,match_name 57,match_admin 57,109.333,6,M,mrca 3.04,3.04,
anc_id 58,match_name 58,match_admin 58,105.4257,5,P,mrca 4.02,4.02,
anc_id 59,match_name 59,match_admin 59,103.4272,5,M,mrca 3.03,3.03,
anc_id 60,match_name 60,match_admin 60,101.649,6,M,mrca 3.03,3.03,
anc_id 61,match_name 61,match_admin 61,101.125,8,Unknown,mrca 3.03,3.03,
anc_id 62,match_name 62,match_admin 62,98.4068,5,P,mrca 4.02,4.02,
anc_id 63,match_name 63,match_admin 63,98.3051,5,P,mrca 5.03,5.03,
anc_id 64,match_name 64,match_admin 64,97.3168,6,M,mrca 5.15,5.15,
anc_id 65,match_name 65,match_admin 65,97.1387,5,P,mrca 5.02,5.02,
anc_id 66,match_name 66,match_admin 66,94.9547,5,P,mrca 4.02,4.02,
anc_id 67,match_name 67,match_admin 67,92.4139,8,M,mrca 3.04,3.04,
anc_id 68,match_name 68,match_admin 68,92.2659,5,M,mrca 6.19,6.19,
anc_id 69,match_name 69,match_admin 69,91.9505,6,P,mrca 4.01,4.01,
anc_id 70,match_name 70,match_admin 70,90.0243,3,P,mrca 4.01,4.01,
anc_id 71,match_name 71,match_admin 71,79.5185,6,M,mrca 5.15,5.15,
anc_id 72,match_name 72,match_admin 72,77.4155,5,P,mrca 4.02,4.02,
anc_id 73,match_name 73,match_admin 73,77.3985,5,P,mrca 5.03,5.03,
anc_id 74,match_name 74,match_admin 74,76.5772,2,M,mrca 5.15,5.15,
anc_id 75,match_name 75,match_admin 75,75.5851,2,M,mrca 5.15,5.15,
anc_id 76,match_name 76,match_admin 76,71.8446,3,P,mrca 4.02,4.02,
anc_id 77,match_name 77,match_admin 77,71.5943,4,M,mrca 3.03,3.03,
anc_id 78,match_name 78,match_admin 78,71.3314,4,P,mrca 4.02,4.02,
anc_id 79,match_name 79,match_admin 79,71.2893,3,M,mrca 6.19,6.19,
anc_id 80,match_name 80,match_admin 80,70.1752,7,M,mrca 3.03,3.03,
anc_id 81,match_name 81,match_admin 81,69.4264,4,M,mrca 3.04,3.04,
anc_id 82,match_name 82,match_admin 82,67.2899,4,P,mrca 4.02,4.02,
anc_id 83,match_name 83,match_admin 83,66.1325,4,M,mrca 6.19,6.19,
anc_id 84,match_name 84,match_admin 84,65.4846,2,M,mrca 7.37,7.37,
anc_id 85,match_name 85,match_admin 85,65.293,3,M,mrca 3.04,3.04,
anc_id 86,match_name 86,match_admin 86,64.4475,3,M,mrca 6.19,6.19,
anc_id 87,match_name 87,match_admin 87,63.9026,4,P,mrca 5.03,5.03,
anc_id 88,match_name 88,match_admin 88,62.9078,3,M,mrca 5.15,5.15,
anc_id 89,match_name 89,match_admin 89,62.7575,4,M,mrca 3.04,3.04,
anc_id 90,match_name 90,match_admin 90,61.5387,5,M,mrca 3.03,3.03,
anc_id 91,match_name 91,match_admin 91,61.0938,3,M,mrca 6.19,6.19,
anc_id 92,match_name 92,match_admin 92,61.0172,3,P,mrca 4.03,4.03,
anc_id 93,match_name 93,match_admin 93,60.637,3,Unknown,mrca 7.39,7.39,
anc_id 94,match_name 94,match_admin 94,60.5152,1,M,mrca 5.15,5.15,
anc_id 95,match_name 95,match_admin 95,59.9703,3,M,mrca 5.1,5.1,
anc_id 96,match_name 96,match_admin 96,59.8888,3,P,mrca 4.02,4.02,
anc_id 97,match_name 97,match_admin 97,59.6509,4,M,mrca 7.38,7.38,
anc_id 98,match_name 98,match_admin 98,59.0161,3,P,mrca 5.04,5.04,
anc_id 99,match_name 99,match_admin 99,58.9397,5,M,mrca 5.1,5.1,
anc_id 100,match_name 100,match_admin 100,58.5282,2,P,mrca 5.01,5.01,
anc_id 101,match_name 101,match_admin 101,58.4562,6,M,mrca 3.04,3.04,
anc_id 102,match_name 102,match_admin 102,57.9474,3,M,mrca 5.15,5.15,
anc_id 103,match_name 103,match_admin 103,57.1165,1,M,mrca 6.3,6.3,
anc_id 104,match_name 104,match_admin 104,56.8247,5,P,mrca 5.03,5.03,
anc_id 105,match_name 105,match_admin 105,56.6922,1,M,mrca 5.09,5.09,
anc_id 106,match_name 106,match_admin 106,56.3222,2,M,mrca 5.09,5.09,
anc_id 107,match_name 107,match_admin 107,55.9282,3,P,mrca 4.02,4.02,
anc_id 108,match_name 108,match_admin 108,55.8883,1,M,mrca 5.09,5.09,
anc_id 109,match_name 109,match_admin 109,55.8093,2,M,mrca 7.38,7.38,
anc_id 110,match_name 110,match_admin 110,55.576,4,P,mrca 3.01,3.01,
anc_id 111,match_name 111,match_admin 111,55.5586,4,M,mrca 5.1,5.1,
anc_id 112,match_name 112,match_admin 112,55.5343,2,M,mrca 5.09,5.09,
anc_id 113,match_name 113,match_admin 113,55.3721,3,P,mrca 5.03,5.03,
anc_id 114,match_name 114,match_admin 114,54.8598,1,M,mrca 5.09,5.09,
anc_id 115,match_name 115,match_admin 115,54.7217,2,M,mrca 6.3,6.3,
anc_id 116,match_name 116,match_admin 116,54.5319,4,P,mrca 4.02,4.02,
anc_id 117,match_name 117,match_admin 117,54.0672,2,M,mrca 7.39,7.39,
anc_id 118,match_name 118,match_admin 118,54.0015,2,M,mrca 6.2,6.2,
anc_id 119,match_name 119,match_admin 119,53.8206,2,M,mrca 6.19,6.19,
anc_id 120,match_name 120,match_admin 120,53.7855,2,P,mrca 4.02,4.02,
anc_id 121,match_name 121,match_admin 121,53.7115,3,M,mrca 5.15,5.15,
anc_id 122,match_name 122,match_admin 122,53.6292,1,M,mrca 7.38,7.38,
anc_id 123,match_name 123,match_admin 123,52.887,3,M,mrca 5.16,5.16,
anc_id 124,match_name 124,match_admin 124,52.884,3,M,mrca 6.22,6.22,
anc_id 125,match_name 125,match_admin 125,52.5885,4,P,mrca 3.02,3.02,
anc_id 126,match_name 126,match_admin 126,52.4959,1,P,mrca 5.06,5.06,
anc_id 127,match_name 127,match_admin 127,52.09,2,M,mrca 6.19,6.19,
anc_id 128,match_name 128,match_admin 128,52.0835,3,M,mrca 3.03,3.03,
anc_id 129,match_name 129,match_admin 129,51.8533,3,M,mrca 6.24,6.24,
anc_id 130,match_name 130,match_admin 130,51.7009,4,M,mrca 3.04,3.04,
anc_id 131,match_name 131,match_admin 131,51.4602,3,M,mrca 5.1,5.1,
anc_id 132,match_name 132,match_admin 132,51.0116,1,M,mrca 5.15,5.15,
anc_id 133,match_name 133,match_admin 133,50.9978,3,M,mrca 5.15,5.15,
anc_id 134,match_name 134,match_admin 134,50.8041,4,M,mrca 4.07,4.07,
anc_id 135,match_name 135,match_admin 135,50.7584,4,P,mrca 4.01,4.01,
anc_id 136,match_name 136,match_admin 136,50.6041,3,M,mrca 6.22,6.22,
anc_id 137,match_name 137,match_admin 137,50.5833,2,M,mrca 5.13,5.13,
anc_id 138,match_name 138,match_admin 138,50.4786,1,P,mrca 5.08,5.08,
anc_id 139,match_name 139,match_admin 139,49.8301,3,P,mrca 5.08,5.08,
anc_id 140,match_name 140,match_admin 140,49.4011,2,M,mrca 7.39,7.39,
anc_id 141,match_name 141,match_admin 141,49.0969,3,P,mrca 5.03,5.03,
anc_id 142,match_name 142,match_admin 142,49.0726,3,M,mrca 6.19,6.19,
anc_id 143,match_name 143,match_admin 143,49.0702,3,M,mrca 5.15,5.15,
anc_id 144,match_name 144,match_admin 144,49.0582,3,M,mrca 5.1,5.1,
anc_id 145,match_name 145,match_admin 145,49.0076,4,M,mrca 6.24,6.24,
anc_id 146,match_name 146,match_admin 146,49.0057,3,M,mrca 5.12,5.12,
anc_id 147,match_name 147,match_admin 147,48.8948,2,M,mrca 6.2,6.2,
anc_id 148,match_name 148,match_admin 148,48.241,5,M,mrca 3.03,3.03,
anc_id 149,match_name 149,match_admin 149,48.2186,2,M,mrca 5.1,5.1,
anc_id 150,match_name 150,match_admin 150,48.1436,3,P,mrca 4.01,4.01,
anc_id 151,match_name 151,match_admin 151,47.6155,4,M,mrca 4.07,4.07,
anc_id 152,match_name 152,match_admin 152,47.5385,6,M,mrca 3.03,3.03,
anc_id 153,match_name 153,match_admin 153,47.2385,4,M,mrca 5.1,5.1,
anc_id 154,match_name 154,match_admin 154,47.1899,3,M,mrca 5.15,5.15,
anc_id 155,match_name 155,match_admin 155,46.9968,2,M,mrca 7.39,7.39,
anc_id 156,match_name 156,match_admin 156,46.4122,3,P,mrca 4.03,4.03,
anc_id 157,match_name 157,match_admin 157,46.3681,3,P,mrca 4.02,4.02,
anc_id 158,match_name 158,match_admin 158,46.256,4,M,mrca 6.24,6.24,
anc_id 159,match_name 159,match_admin 159,46.2553,2,M,mrca 4.06,4.06,
anc_id 160,match_name 160,match_admin 160,46.2299,3,P,mrca 5.04,5.04,
anc_id 161,match_name 161,match_admin 161,46.0847,3,M,mrca 4.06,4.06,
anc_id 162,match_name 162,match_admin 162,46.0488,3,M,mrca 5.15,5.15,
anc_id 163,match_name 163,match_admin 163,46.0246,2,M,mrca 5.1,5.1,
anc_id 164,match_name 164,match_admin 164,45.878,3,M,mrca 5.1,5.1,
anc_id 165,match_name 165,match_admin 165,45.7476,1,M,mrca 6.3,6.3,
anc_id 166,match_name 166,match_admin 166,45.6627,2,M,mrca 7.38,7.38,
anc_id 167,match_name 167,match_admin 167,45.3788,3,M,mrca 6.3,6.3,
anc_id 168,match_name 168,match_admin 168,45.1663,2,P,mrca 6.12,6.12,
anc_id 169,match_name 169,match_admin 169,45.1309,4,M,mrca 3.03,3.03,
anc_id 170,match_name 170,match_admin 170,45.0291,3,M,mrca 5.1,5.1,
anc_id 171,match_name 171,match_admin 171,44.9895,1,M,mrca 5.1,5.1,
anc_id 172,match_name 172,match_admin 172,44.9816,3,P,mrca 5.03,5.03,
anc_id 173,match_name 173,match_admin 173,44.8332,5,P,mrca 5.03,5.03,
anc_id 174,match_name 174,match_admin 174,44.3942,2,M,mrca 5.12,5.12,
anc_id 175,match_name 175,match_admin 175,44.3269,4,P,mrca 4.02,4.02,
anc_id 176,match_name 176,match_admin 176,44.2781,1,M,mrca 7.39,7.39,
anc_id 177,match_name 177,match_admin 177,44.2534,3,M,mrca 5.1,5.1,
anc_id 178,match_name 178,match_admin 178,44.213,4,M,mrca 6.19,6.19,
anc_id 179,match_name 179,match_admin 179,44.178,2,P,mrca 5.01,5.01,
anc_id 180,match_name 180,match_admin 180,44.0944,1,P,mrca 5.08,5.08,
anc_id 181,match_name 181,match_admin 181,44.067,2,P,mrca 6.08,6.08,
anc_id 182,match_name 182,match_admin 182,43.7727,3,M,mrca 6.21,6.21,
anc_id 183,match_name 183,match_admin 183,43.6602,1,M,mrca 6.26,6.26,
anc_id 184,match_name 184,match_admin 184,43.6004,2,M,mrca 6.24,6.24,
anc_id 185,match_name 185,match_admin 185,43.1562,1,M,mrca 6.26,6.26,
anc_id 186,match_name 186,match_admin 186,43.1447,2,M,mrca 5.15,5.15,
anc_id 187,match_name 187,match_admin 187,43.0336,2,M,mrca 6.19,6.19,
anc_id 188,match_name 188,match_admin 188,42.9685,2,P,mrca 5.03,5.03,
anc_id 189,match_name 189,match_admin 189,42.9302,3,M,mrca 6.19,6.19,
anc_id 190,match_name 190,match_admin 190,42.6478,1,P,mrca 6.15,6.15,
anc_id 191,match_name 191,match_admin 191,42.531,2,M,mrca 5.11,5.11,
anc_id 192,match_name 192,match_admin 192,42.5055,3,M,mrca 5.1,5.1,
anc_id 193,match_name 193,match_admin 193,42.4323,2,M,mrca 5.12,5.12,
anc_id 194,match_name 194,match_admin 194,42.3803,3,P,mrca 4.01,4.01,
anc_id 195,match_name 195,match_admin 195,42.3662,3,Unknown,mrca 7.04,7.04,
anc_id 196,match_name 196,match_admin 196,42.3426,4,P,mrca 4.01,4.01,
anc_id 197,match_name 197,match_admin 197,42.3231,2,P,mrca 4.03,4.03,
anc_id 198,match_name 198,match_admin 198,42.2185,3,M,mrca 6.19,6.19,
anc_id 199,match_name 199,match_admin 199,42.179,4,P,mrca 3.02,3.02,
anc_id 200,match_name 200,match_admin 200,41.9814,1,P,mrca 6.15,6.15,
anc_id 201,match_name 201,match_admin 201,41.9385,1,P,mrca 6.15,6.15,
anc_id 202,match_name 202,match_admin 202,41.9351,2,M,mrca 5.1,5.1,
anc_id 203,match_name 203,match_admin 203,41.8502,2,M,mrca 5.15,5.15,
anc_id 204,match_name 204,match_admin 204,41.8213,2,P,mrca 7.04,7.04,
anc_id 205,match_name 205,match_admin 205,41.5665,4,P,mrca 5.08,5.08,
anc_id 206,match_name 206,match_admin 206,41.5646,2,M,mrca 7.37,7.37,
anc_id 207,match_name 207,match_admin 207,41.3491,3,M,mrca 6.19,6.19,
anc_id 208,match_name 208,match_admin 208,41.2834,2,P,mrca 7.04,7.04,
anc_id 209,match_name 209,match_admin 209,41.2522,3,Unknown,mrca 6.3,6.3,
anc_id 210,match_name 210,match_admin 210,41.0061,2,M,mrca 7.38,7.38,
anc_id 211,match_name 211,match_admin 211,40.9045,1,P,mrca 5.08,5.08,
anc_id 212,match_name 212,match_admin 212,40.8316,1,M,mrca 6.3,6.3,
anc_id 213,match_name 213,match_admin 213,40.7402,3,P,mrca 4.03,4.03,
anc_id 214,match_name 214,match_admin 214,40.6282,3,M,mrca 3.03,3.03,
anc_id 215,match_name 215,match_admin 215,40.5737,1,M,mrca 6.26,6.26,
anc_id 216,match_name 216,match_admin 216,40.4522,3,M,mrca 6.2,6.2,
anc_id 217,match_name 217,match_admin 217,40.4373,3,M,mrca 3.04,3.04,
anc_id 218,match_name 218,match_admin 218,40.4112,2,M,mrca 4.06,4.06,
anc_id 219,match_name 219,match_admin 219,40.2879,3,P,mrca 5.03,5.03,
anc_id 220,match_name 220,match_admin 220,40.2203,4,P,mrca 7.14,7.14,
anc_id 221,match_name 221,match_admin 221,40.197,3,M,mrca 7.37,7.37,
anc_id 222,match_name 222,match_admin 222,40.115,3,M,mrca 5.1,5.1,
anc_id 223,match_name 223,match_admin 223,39.959,1,P,mrca 7.07,7.07,
anc_id 224,match_name 224,match_admin 224,39.8216,4,P,mrca 4.01,4.01,
anc_id 225,match_name 225,match_admin 225,39.7854,3,M,mrca 3.03,3.03,
anc_id 226,match_name 226,match_admin 226,39.704,2,P,mrca 5.08,5.08,
anc_id 227,match_name 227,match_admin 227,39.6535,3,M,mrca 6.22,6.22,
anc_id 228,match_name 228,match_admin 228,39.4351,4,P,mrca 4.02,4.02,
anc_id 229,match_name 229,match_admin 229,39.4132,3,M,mrca 6.24,6.24,
anc_id 230,match_name 230,match_admin 230,39.3301,5,M,mrca 3.04,3.04,
anc_id 231,match_name 231,match_admin 231,39.3183,2,M,mrca 6.19,6.19,
anc_id 232,match_name 232,match_admin 232,39.2971,2,P,mrca 6.07,6.07,
anc_id 233,match_name 233,match_admin 233,39.1668,1,M,mrca 6.26,6.26,
anc_id 234,match_name 234,match_admin 234,39.1576,4,P,mrca 5.03,5.03,
anc_id 235,match_name 235,match_admin 235,39.1266,2,M,mrca 5.09,5.09,
anc_id 236,match_name 236,match_admin 236,38.9209,3,M,mrca 5.1,5.1,
anc_id 237,match_name 237,match_admin 237,38.9142,2,M,mrca 6.19,6.19,
anc_id 238,match_name 238,match_admin 238,38.9133,2,P,mrca 7.04,7.04,
anc_id 239,match_name 239,match_admin 239,38.8512,1,M,mrca 6.19,6.19,
anc_id 240,match_name 240,match_admin 240,38.8446,2,P,mrca 7.04,7.04,
anc_id 241,match_name 241,match_admin 241,38.7904,2,Unknown,mrca 6.19,6.19,
anc_id 242,match_name 242,match_admin 242,38.7545,1,M,mrca 6.3,6.3,
anc_id 243,match_name 243,match_admin 243,38.7146,2,P,mrca 5.03,5.03,
anc_id 244,match_name 244,match_admin 244,38.6635,3,M,mrca 5.15,5.15,
anc_id 245,match_name 245,match_admin 245,38.6569,2,P,mrca 7.04,7.04,
anc_id 246,match_name 246,match_admin 246,38.5512,2,M,mrca 7.37,7.37,
anc_id 247,match_name 247,match_admin 247,38.4283,3,P,mrca 4.02,4.02,
anc_id 248,match_name 248,match_admin 248,38.3934,4,P,mrca 5.03,5.03,
anc_id 249,match_name 249,match_admin 249,38.2031,2,M,mrca 6.19,6.19,
anc_id 250,match_name 250,match_admin 250,38.2026,3,P,mrca 7.12,7.12,
anc_id 251,match_name 251,match_admin 251,38.1324,2,P,mrca 4.01,4.01,
anc_id 252,match_name 252,match_admin 252,37.9681,1,M,mrca 5.1,5.1,
anc_id 253,match_name 253,match_admin 253,37.8315,5,M,mrca 5.11,5.11,
anc_id 254,match_name 254,match_admin 254,37.8258,3,P,mrca 4.02,4.02,
anc_id 255,match_name 255,match_admin 255,37.8088,2,M,mrca 7.39,7.39,
anc_id 256,match_name 256,match_admin 256,37.778,3,M,mrca 6.24,6.24,
anc_id 257,match_name 257,match_admin 257,37.7321,1,M,mrca 6.3,6.3,
anc_id 258,match_name 258,match_admin 258,37.7299,3,P,mrca 5.03,5.03,
anc_id 259,match_name 259,match_admin 259,37.7036,1,M,mrca 7.37,7.37,
anc_id 260,match_name 260,match_admin 260,37.703,3,M,mrca 5.1,5.1,
anc_id 261,match_name 261,match_admin 261,37.4846,2,M,mrca 6.19,6.19,
anc_id 262,match_name 262,match_admin 262,37.4319,2,P,mrca 6.12,6.12,
anc_id 263,match_name 263,match_admin 263,37.3747,3,M,mrca 5.09,5.09,
anc_id 264,match_name 264,match_admin 264,37.3696,3,P,mrca 5.08,5.08,
anc_id 265,match_name 265,match_admin 265,37.3273,2,M,mrca 6.19,6.19,
anc_id 266,match_name 266,match_admin 266,37.303,4,P,mrca 4.02,4.02,
anc_id 267,match_name 267,match_admin 267,37.2954,2,M,mrca 5.1,5.1,
anc_id 268,match_name 268,match_admin 268,37.2761,3,P,mrca 5.02,5.02,
anc_id 269,match_name 269,match_admin 269,37.0266,3,P,mrca 5.08,5.08,
anc_id 270,match_name 270,match_admin 270,37.0185,3,P,mrca 5.03,5.03,
anc_id 271,match_name 271,match_admin 271,37.0056,3,M,mrca 7.37,7.37,
anc_id 272,match_name 272,match_admin 272,36.9289,3,M,mrca 6.22,6.22,
anc_id 273,match_name 273,match_admin 273,36.4992,2,M,mrca 7.37,7.37,
anc_id 274,match_name 274,match_admin 274,36.4794,3,P,mrca 5.03,5.03,
anc_id 275,match_name 275,match_admin 275,36.4716,2,M,mrca 7.38,7.38,
anc_id 276,match_name 276,match_admin 276,36.4458,3,P,mrca 5.02,5.02,
anc_id 277,match_name 277,match_admin 277,36.2532,1,M,mrca 5.14,5.14,
anc_id 278,match_name 278,match_admin 278,36.0906,3,M,mrca 6.19,6.19,
anc_id 279,match_name 279,match_admin 279,36.0693,2,M,mrca 6.19,6.19,
anc_id 280,match_name 280,match_admin 280,35.9067,2,M,mrca 5.1,5.1,
anc_id 281,match_name 281,match_admin 281,35.8795,4,M,mrca 6.19,6.19,
anc_id 282,match_name 282,match_admin 282,35.8455,1,M,mrca 7.37,7.37,
anc_id 283,match_name 283,match_admin 283,35.8052,2,P,mrca 6.05,6.05,
anc_id 284,match_name 284,match_admin 284,35.7993,2,Unknown,mrca 7.37,7.37,
anc_id 285,match_name 285,match_admin 285,35.78,3,P,mrca 5.03,5.03,
anc_id 286,match_name 286,match_admin 286,35.7696,3,M,mrca 5.16,5.16,
anc_id 287,match_name 287,match_admin 287,35.7219,4,P,mrca 5.01,5.01,
anc_id 288,match_name 288,match_admin 288,35.6949,2,Unknown,mrca 7.04,7.04,
anc_id 289,match_name 289,match_admin 289,35.6472,2,M,mrca 7.37,7.37,
anc_id 290,match_name 290,match_admin 290,35.5626,3,P,mrca 4.01,4.01,
anc_id 291,match_name 291,match_admin 291,35.5527,2,M,mrca 7.37,7.37,
anc_id 292,match_name 292,match_admin 292,35.5451,2,M,mrca 6.19,6.19,
anc_id 293,match_name 293,match_admin 293,35.358,2,M,mrca 6.19,6.19,
anc_id 294,match_name 294,match_admin 294,35.2945,1,P,mrca 7.04,7.04,
anc_id 295,match_name 295,match_admin 295,35.2395,2,P,mrca 6.06,6.06,
anc_id 296,match_name 296,match_admin 296,35.2212,1,M,mrca 7.4,7.4,
anc_id 297,match_name 297,match_admin 297,35.2207,2,M,mrca 5.15,5.15,
anc_id 298,match_name 298,match_admin 298,35.1621,1,M,mrca 5.13,5.13,
anc_id 299,match_name 299,match_admin 299,35.1314,3,M,mrca 4.06,4.06,
anc_id 300,match_name 300,match_admin 300,35.1199,2,P,mrca 6.05,6.05,
anc_id 301,match_name 301,match_admin 301,35.0669,2,M,mrca 5.1,5.1,
anc_id 302,match_name 302,match_admin 302,35.0396,4,M,mrca 7.37,7.37,
anc_id 303,match_name 303,match_admin 303,35.0134,2,M,mrca 5.13,5.13,
anc_id 304,match_name 304,match_admin 304,34.8979,3,P,mrca 7.21,7.21,
anc_id 305,match_name 305,match_admin 305,34.8944,2,P,mrca 5.03,5.03,
anc_id 306,match_name 306,match_admin 306,34.802,1,M,mrca 6.3,6.3,
anc_id 307,match_name 307,match_admin 307,34.634,1,P,mrca 7.04,7.04,
anc_id 308,match_name 308,match_admin 308,34.4952,3,M,mrca 6.19,6.19,
anc_id 309,match_name 309,match_admin 309,34.478,2,P,mrca 5.06,5.06,
anc_id 310,match_name 310,match_admin 310,34.4583,1,M,mrca 6.26,6.26,
anc_id 311,match_name 311,match_admin 311,34.4444,3,M,mrca 5.1,5.1,
anc_id 312,match_name 312,match_admin 312,34.4304,3,Unknown,mrca 7.12,7.12,
anc_id 313,match_name 313,match_admin 313,34.322,4,M,mrca 3.04,3.04,
anc_id 314,match_name 314,match_admin 314,34.2672,2,M,mrca 5.15,5.15,
anc_id 315,match_name 315,match_admin 315,34.2195,2,M,mrca 6.19,6.19,
anc_id 316,match_name 316,match_admin 316,34.1399,1,M,mrca 7.4,7.4,
anc_id 317,match_name 317,match_admin 317,34.1312,2,Unknown,mrca 6.19,6.19,
anc_id 318,match_name 318,match_admin 318,34.1008,2,M,mrca 5.1,5.1,
anc_id 319,match_name 319,match_admin 319,34.0463,1,M,mrca 5.16,5.16,
anc_id 320,match_name 320,match_admin 320,34.0429,2,M,mrca 6.22,6.22,
anc_id 321,match_name 321,match_admin 321,34.0248,3,P,mrca 5.01,5.01,
anc_id 322,match_name 322,match_admin 322,33.9717,3,P,mrca 4.01,4.01,
anc_id 323,match_name 323,match_admin 323,33.9495,1,P,mrca 7.04,7.04,
anc_id 324,match_name 324,match_admin 324,33.915,2,M,mrca 6.24,6.24,
anc_id 325,match_name 325,match_admin 325,33.9104,1,P,mrca 5.08,5.08,
anc_id 326,match_name 326,match_admin 326,33.9025,2,M,mrca 5.15,5.15,
anc_id 327,match_name 327,match_admin 327,33.804,2,M,mrca 7.37,7.37,
anc_id 328,match_name 328,match_admin 328,33.6996,2,P,mrca 5.03,5.03,
anc_id 329,match_name 329,match_admin 329,33.6835,1,M,mrca 5.16,5.16,
anc_id 330,match_name 330,match_admin 330,33.5961,3,M,mrca 6.22,6.22,
anc_id 331,match_name 331,match_admin 331,33.5459,3,P,mrca 5.03,5.03,
anc_id 332,match_name 332,match_admin 332,33.5035,1,M,mrca 5.1,5.1,
anc_id 333,match_name 333,match_admin 333,33.503,2,P,mrca 4.01,4.01,
anc_id 334,match_name 334,match_admin 334,33.4527,2,M,mrca 6.19,6.19,
anc_id 335,match_name 335,match_admin 335,33.4028,4,M,mrca 5.1,5.1,
anc_id 336,match_name 336,match_admin 336,33.3807,4,M,mrca 5.09,5.09,
anc_id 337,match_name 337,match_admin 337,33.3803,2,M,mrca 6.3,6.3,
anc_id 338,match_name 338,match_admin 338,33.2784,1,M,mrca 6.19,6.19,
anc_id 339,match_name 339,match_admin 339,33.1704,1,M,mrca 5.13,5.13,
anc_id 340,match_name 340,match_admin 340,33.1658,2,M,mrca 5.1,5.1,
anc_id 341,match_name 341,match_admin 341,33.1461,1,M,mrca 5.13,5.13,
anc_id 342,match_name 342,match_admin 342,33.1332,3,P,mrca 5.04,5.04,
anc_id 343,match_name 343,match_admin 343,33.0956,2,M,mrca 6.19,6.19,
anc_id 344,match_name 344,match_admin 344,33.0101,1,P,mrca 4.02,4.02,
anc_id 345,match_name 345,match_admin 345,32.9293,4,M,mrca 7.37,7.37,
anc_id 346,match_name 346,match_admin 346,32.8759,1,M,mrca 7.53,7.53,
anc_id 347,match_name 347,match_admin 347,32.8373,2,P,mrca 4.01,4.01,
anc_id 348,match_name 348,match_admin 348,32.8141,3,M,mrca 6.3,6.3,
anc_id 349,match_name 349,match_admin 349,32.6381,1,M,mrca 6.2,6.2,
anc_id 350,match_name 350,match_admin 350,32.5541,2,M,mrca 6.19,6.19,
anc_id 351,match_name 351,match_admin 351,32.5338,3,M,mrca 7.37,7.37,
anc_id 352,match_name 352,match_admin 352,32.5102,3,M,mrca 7.37,7.37,
anc_id 353,match_name 353,match_admin 353,32.455,2,P,mrca 6.05,6.05,
anc_id 354,match_name 354,match_admin 354,32.4441,2,Unknown,mrca 5.1,5.1,
anc_id 355,match_name 355,match_admin 355,32.3821,2,P,mrca 7.07,7.07,
anc_id 356,match_name 356,match_admin 356,32.3452,3,M,mrca 5.15,5.15,
anc_id 357,match_name 357,match_admin 357,32.289,3,M,mrca 5.09,5.09,
anc_id 358,match_name 358,match_admin 358,32.2848,2,M,mrca 6.19,6.19,
anc_id 359,match_name 359,match_admin 359,32.2422,3,P,mrca 5.03,5.03,
anc_id 360,match_name 360,match_admin 360,32.1999,1,M,mrca 6.3,6.3,
anc_id 361,match_name 361,match_admin 361,32.151,2,M,mrca 6.19,6.19,
anc_id 362,match_name 362,match_admin 362,32.1151,2,P,mrca 7.12,7.12,
anc_id 363,match_name 363,match_admin 363,32.0779,1,M,mrca 5.13,5.13,
anc_id 364,match_name 364,match_admin 364,32.0677,2,M,mrca 6.19,6.19,
anc_id 365,match_name 365,match_admin 365,32.0546,1,M,mrca 7.37,7.37,
anc_id 366,match_name 366,match_admin 366,32.0453,1,M,mrca 6.3,6.3,
anc_id 367,match_name 367,match_admin 367,32.0394,1,M,mrca 7.38,7.38,
anc_id 368,match_name 368,match_admin 368,32.0011,2,M,mrca 6.19,6.19,
anc_id 369,match_name 369,match_admin 369,31.9778,2,M,mrca 6.19,6.19,
anc_id 370,match_name 370,match_admin 370,31.9267,2,M,mrca 7.37,7.37,
anc_id 371,match_name 371,match_admin 371,31.8948,1,M,mrca 6.26,6.26,
anc_id 372,match_name 372,match_admin 372,31.7904,2,P,mrca 7.04,7.04,
anc_id 373,match_name 373,match_admin 373,31.7223,1,M,mrca 5.1,5.1,
anc_id 374,match_name 374,match_admin 374,31.6626,2,M,mrca 6.2,6.2,
anc_id 375,match_name 375,match_admin 375,31.5855,2,M,mrca 6.19,6.19,
anc_id 376,match_name 376,match_admin 376,31.5507,3,P,mrca 5.03,5.03,
anc_id 377,match_name 377,match_admin 377,31.5427,2,P,mrca 5.03,5.03,
anc_id 378,match_name 378,match_admin 378,31.5107,2,P,mrca 4.02,4.02,
anc_id 379,match_name 379,match_admin 379,31.5086,1,M,mrca 6.19,6.19,
anc_id 380,match_name 380,match_admin 380,31.5028,2,M,mrca 4.06,4.06,
anc_id 381,match_name 381,match_admin 381,31.4726,2,M,mrca 6.19,6.19,
anc_id 382,match_name 382,match_admin 382,31.4556,2,M,mrca 6.22,6.22,
anc_id 383,match_name 383,match_admin 383,31.4346,2,P,mrca 5.03,5.03,
anc_id 384,match_name 384,match_admin 384,31.4266,1,M,mrca 5.1,5.1,
anc_id 385,match_name 385,match_admin 385,31.4033,2,P,mrca 5.08,5.08,
anc_id 386,match_name 386,match_admin 386,31.3269,2,M,mrca 5.1,5.1,
anc_id 387,match_name 387,match_admin 387,31.3213,1,P,mrca 6.08,6.08,
anc_id 388,match_name 388,match_admin 388,31.2936,1,P,mrca 6.08,6.08,
anc_id 389,match_name 389,match_admin 389,31.1804,3,M,mrca 5.1,5.1,
anc_id 390,match_name 390,match_admin 390,31.1409,1,M,mrca 7.38,7.38,
anc_id 391,match_name 391,match_admin 391,31.0905,2,M,mrca 4.06,4.06,
anc_id 392,match_name 392,match_admin 392,31.0807,2,P,mrca 6.04,6.04,
anc_id 393,match_name 393,match_admin 393,30.9676,2,M,mrca 7.38,7.38,
anc_id 394,match_name 394,match_admin 394,30.966,1,P,mrca 7.16,7.16,
anc_id 395,match_name 395,match_admin 395,30.8964,4,M,mrca 6.22,6.22,
anc_id 396,match_name 396,match_admin 396,30.885,3,Unknown,mrca 7.38,7.38,
anc_id 397,match_name 397,match_admin 397,30.8761,2,M,mrca 5.09,5.09,
anc_id 398,match_name 398,match_admin 398,30.7862,2,P,mrca 7.06,7.06,
anc_id 399,match_name 399,match_admin 399,30.7554,3,M,mrca 5.1,5.1,
anc_id 400,match_name 400,match_admin 400,30.7033,2,M,mrca 7.38,7.38,
anc_id 401,match_name 401,match_admin 401,30.6738,1,M,mrca 6.19,6.19,
anc_id 402,match_name 402,match_admin 402,30.587,2,M,mrca 6.25,6.25,
anc_id 403,match_name 403,match_admin 403,30.5617,5,Unknown,mrca 5.1,5.1,
anc_id 404,match_name 404,match_admin 404,30.5078,1,M,mrca 5.13,5.13,
anc_id 405,match_name 405,match_admin 405,30.3667,1,M,mrca 7.38,7.38,
anc_id 406,match_name 406,match_admin 406,30.3645,2,P,mrca 5.03,5.03,
anc_id 407,match_name 407,match_admin 407,30.3455,5,M,mrca 3.04,3.04,
anc_id 408,match_name 408,match_admin 408,30.337,1,P,mrca 7.16,7.16,
anc_id 409,match_name 409,match_admin 409,30.2882,2,P,mrca 4.02,4.02,
anc_id 410,match_name 410,match_admin 410,30.2674,3,M,mrca 6.24,6.24,
anc_id 411,match_name 411,match_admin 411,30.2132,1,P,mrca 7.16,7.16,
anc_id 412,match_name 412,match_admin 412,30.2018,2,M,mrca 6.22,6.22,
anc_id 413,match_name 413,match_admin 413,30.1826,1,M,mrca 5.1,5.1,
anc_id 414,match_name 414,match_admin 414,30.1724,2,P,mrca 4.02,4.02,
anc_id 415,match_name 415,match_admin 415,30.1525,2,P,mrca 5.03,5.03,
anc_id 416,match_name 416,match_admin 416,30.0566,3,P,mrca 5.02,5.02,
anc_id 417,match_name 417,match_admin 417,30.0392,3,P,mrca 6.07,6.07,
anc_id 418,match_name 418,match_admin 418,30.0235,1,M,mrca 5.16,5.16,
anc_id 419,match_name 419,match_admin 419,30.0146,3,P,mrca 5.02,5.02,
anc_id 420,match_name 420,match_admin 420,30.0021,1,M,mrca 6.22,6.22,
anc_id 421,match_name 421,match_admin 421,29.9832,1,P,mrca 6.07,6.07,
anc_id 422,match_name 422,match_admin 422,29.9631,3,P,mrca 5.03,5.03,
anc_id 423,match_name 423,match_admin 423,29.9121,1,M,mrca 6.19,6.19,
anc_id 424,match_name 424,match_admin 424,29.8858,1,P,mrca 6.08,6.08,
anc_id 425,match_name 425,match_admin 425,29.8573,2,P,mrca 5.02,5.02,
anc_id 426,match_name 426,match_admin 426,29.701,3,M,mrca 6.24,6.24,
anc_id 427,match_name 427,match_admin 427,29.6925,1,M,mrca 5.16,5.16,
anc_id 428,match_name 428,match_admin 428,29.6733,1,P,mrca 6.02,6.02,
anc_id 429,match_name 429,match_admin 429,29.6728,2,M,mrca 6.19,6.19,
anc_id 430,match_name 430,match_admin 430,29.6495,2,M,mrca 5.1,5.1,
anc_id 431,match_name 431,match_admin 431,29.639,2,P,mrca 5.02,5.02,
anc_id 432,match_name 432,match_admin 432,29.6278,1,M,mrca 6.19,6.19,
anc_id 433,match_name 433,match_admin 433,29.6222,1,M,mrca 5.13,5.13,
anc_id 434,match_name 434,match_admin 434,29.5537,1,M,mrca 7.38,7.38,
anc_id 435,match_name 435,match_admin 435,29.5061,3,P,mrca 4.03,4.03,
anc_id 436,match_name 436,match_admin 436,29.4613,2,M,mrca 7.37,7.37,
anc_id 437,match_name 437,match_admin 437,29.3188,1,M,mrca 7.37,7.37,
anc_id 438,match_name 438,match_admin 438,29.3072,2,both,mrca 6.24,6.24,
anc_id 439,match_name 439,match_admin 439,29.3028,4,P,mrca 6.04,6.04,
anc_id 440,match_name 440,match_admin 440,29.2948,1,P,mrca 6.15,6.15,
anc_id 441,match_name 441,match_admin 441,29.2232,2,P,mrca 4.02,4.02,
anc_id 442,match_name 442,match_admin 442,29.2115,2,M,mrca 6.19,6.19,
anc_id 443,match_name 443,match_admin 443,29.1773,2,M,mrca 6.22,6.22,
anc_id 444,match_name 444,match_admin 444,29.1713,2,M,mrca 7.33,7.33,
anc_id 445,match_name 445,match_admin 445,29.1634,1,P,mrca 4.01,4.01,
anc_id 446,match_name 446,match_admin 446,29.1254,1,P,mrca 5.02,5.02,
anc_id 447,match_name 447,match_admin 447,29.1176,1,M,mrca 7.37,7.37,
anc_id 448,match_name 448,match_admin 448,29.111,2,M,mrca 5.1,5.1,
anc_id 449,match_name 449,match_admin 449,29.0537,3,M,mrca 6.22,6.22,
anc_id 450,match_name 450,match_admin 450,29.0123,3,Unknown,mrca 6.04,6.04,
anc_id 451,match_name 451,match_admin 451,28.9126,1,M,mrca 6.19,6.19,
anc_id 452,match_name 452,match_admin 452,28.8949,2,P,mrca 4.02,4.02,
anc_id 453,match_name 453,match_admin 453,28.8215,3,Unknown,mrca 5.02,5.02,
anc_id 454,match_name 454,match_admin 454,28.8151,1,M,mrca 4.07,4.07,
anc_id 455,match_name 455,match_admin 455,28.7829,1,P,mrca 7.07,7.07,
anc_id 456,match_name 456,match_admin 456,28.7586,2,M,mrca 6.19,6.19,
anc_id 457,match_name 457,match_admin 457,28.714,2,M,mrca 5.1,5.1,
anc_id 458,match_name 458,match_admin 458,28.6413,1,P,mrca 6.08,6.08,
anc_id 459,match_name 459,match_admin 459,28.6273,1,P,mrca 6.08,6.08,
anc_id 460,match_name 460,match_admin 460,28.5969,1,M,mrca 7.38,7.38,
anc_id 461,match_name 461,match_admin 461,28.5828,1,P,mrca 7.16,7.16,
anc_id 462,match_name 462,match_admin 462,28.5118,2,P,mrca 5.03,5.03,
anc_id 463,match_name 463,match_admin 463,28.4906,1,P,mrca 7.07,7.07,
anc_id 464,match_name 464,match_admin 464,28.4884,1,P,mrca 7.07,7.07,
anc_id 465,match_name 465,match_admin 465,28.4878,2,P,mrca 7.12,7.12,
anc_id 466,match_name 466,match_admin 466,28.4157,2,P,mrca 5.04,5.04,
anc_id 467,match_name 467,match_admin 467,28.4131,1,P,mrca 7.12,7.12,
anc_id 468,match_name 468,match_admin 468,28.3845,3,M,mrca 7.37,7.37,
anc_id 469,match_name 469,match_admin 469,28.3744,2,P,mrca 6.05,6.05,
anc_id 470,match_name 470,match_admin 470,28.3554,2,M,mrca 6.3,6.3,
anc_id 471,match_name 471,match_admin 471,28.3104,1,M,mrca 7.37,7.37,
anc_id 472,match_name 472,match_admin 472,28.2955,2,M,mrca 4.06,4.06,
anc_id 473,match_name 473,match_admin 473,28.2833,1,P,mrca 7.21,7.21,
anc_id 474,match_name 474,match_admin 474,28.2397,2,P,mrca 6.06,6.06,
anc_id 475,match_name 475,match_admin 475,28.1672,1,P,mrca 7.16,7.16,
anc_id 476,match_name 476,match_admin 476,28.1156,3,M,mrca 5.1,5.1,
anc_id 477,match_name 477,match_admin 477,28.0367,3,P,mrca 4.03,4.03,
anc_id 478,match_name 478,match_admin 478,28.0221,2,M,mrca 5.09,5.09,
anc_id 479,match_name 479,match_admin 479,28.0213,1,P,mrca 8,8,
anc_id 480,match_name 480,match_admin 480,28.0063,2,M,mrca 7.38,7.38,
anc_id 481,match_name 481,match_admin 481,28,2,M,mrca 6.3,6.3,
anc_id 482,match_name 482,match_admin 482,28,2,M,mrca 7.38,7.38,
anc_id 483,match_name 483,match_admin 483,28,1,M,mrca 5.1,5.1,
anc_id 484,match_name 484,match_admin 484,27.9905,3,P,mrca 5.01,5.01,
anc_id 485,match_name 485,match_admin 485,27.9758,2,P,mrca 5.08,5.08,
anc_id 486,match_name 486,match_admin 486,27.9053,2,M,mrca 7.37,7.37,
anc_id 487,match_name 487,match_admin 487,27.9014,1,P,mrca 5.03,5.03,
anc_id 488,match_name 488,match_admin 488,27.7382,2,M,mrca 6.2,6.2,
anc_id 489,match_name 489,match_admin 489,27.701,2,M,mrca 4.07,4.07,
anc_id 490,match_name 490,match_admin 490,27.6184,2,M,mrca 6.19,6.19,
anc_id 491,match_name 491,match_admin 491,27.6073,1,M,mrca 6.19,6.19,
anc_id 492,match_name 492,match_admin 492,27.598,2,M,mrca 4.07,4.07,
anc_id 493,match_name 493,match_admin 493,27.5749,1,M,mrca 7.37,7.37,
anc_id 494,match_name 494,match_admin 494,27.5658,2,M,mrca 5.15,5.15,
anc_id 495,match_name 495,match_admin 495,27.5308,2,P,mrca 4.01,4.01,
anc_id 496,match_name 496,match_admin 496,27.5217,1,P,mrca 6.08,6.08,
anc_id 497,match_name 497,match_admin 497,27.473,2,M,mrca 7.37,7.37,
anc_id 498,match_name 498,match_admin 498,27.4696,2,M,mrca 4.07,4.07,
anc_id 499,match_name 499,match_admin 499,27.4097,2,P,mrca 6.03,6.03,
anc_id 500,match_name 500,match_admin 500,27.4078,2,M,mrca 6.19,6.19,
anc_id 501,match_name 501,match_admin 501,27.3796,2,M,mrca 5.09,5.09,
anc_id 502,match_name 502,match_admin 502,27.3664,1,P,mrca 7.12,7.12,
anc_id 503,match_name 503,match_admin 503,27.3627,2,M,mrca 4.06,4.06,
anc_id 504,match_name 504,match_admin 504,27.3094,4,P,mrca 5.01,5.01,
anc_id 505,match_name 505,match_admin 505,27.2415,1,M,mrca 5.11,5.11,
anc_id 506,match_name 506,match_admin 506,27.2319,1,M,mrca 7.37,7.37,
anc_id 507,match_name 507,match_admin 507,27.2113,2,P,mrca 6.15,6.15,
anc_id 508,match_name 508,match_admin 508,27.2019,2,M,mrca 7.37,7.37,
anc_id 509,match_name 509,match_admin 509,27.1755,1,P,mrca 5.01,5.01,
anc_id 510,match_name 510,match_admin 510,27.1242,1,M,mrca 5.11,5.11,
anc_id 511,match_name 511,match_admin 511,27.0907,1,P,mrca 5.08,5.08,
anc_id 512,match_name 512,match_admin 512,27.0491,3,P,mrca 6.04,6.04,
anc_id 513,match_name 513,match_admin 513,27.0337,1,M,mrca 6.19,6.19,
anc_id 514,match_name 514,match_admin 514,27.0148,2,P,mrca 4.01,4.01,
anc_id 515,match_name 515,match_admin 515,26.9974,1,P,mrca 7.16,7.16,
anc_id 516,match_name 516,match_admin 516,26.9961,1,M,mrca 7.37,7.37,
anc_id 517,match_name 517,match_admin 517,26.9535,3,Unknown,mrca 6.04,6.04,
anc_id 518,match_name 518,match_admin 518,26.9231,1,P,mrca 6.08,6.08,
anc_id 519,match_name 519,match_admin 519,26.8572,3,M,mrca 6.19,6.19,
anc_id 520,match_name 520,match_admin 520,26.8108,2,M,mrca 5.1,5.1,
anc_id 521,match_name 521,match_admin 521,26.7708,2,M,mrca 6.22,6.22,
anc_id 522,match_name 522,match_admin 522,26.7463,2,P,mrca 5.03,5.03,
anc_id 523,match_name 523,match_admin 523,26.7279,1,M,mrca 6.19,6.19,
anc_id 524,match_name 524,match_admin 524,26.7008,2,P,mrca 5.03,5.03,
anc_id 525,match_name 525,match_admin 525,26.6802,2,P,mrca 6.08,6.08,
anc_id 526,match_name 526,match_admin 526,26.6769,1,M,mrca 7.38,7.38,
anc_id 527,match_name 527,match_admin 527,26.6207,1,P,mrca 6.08,6.08,
anc_id 528,match_name 528,match_admin 528,26.5578,3,M,mrca 6.24,6.24,
anc_id 529,match_name 529,match_admin 529,26.5333,1,M,mrca 7.5,7.5,
anc_id 530,match_name 530,match_admin 530,26.5176,1,M,mrca 7.4,7.4,
anc_id 531,match_name 531,match_admin 531,26.5074,1,M,mrca 5.13,5.13,
anc_id 532,match_name 532,match_admin 532,26.478,1,P,mrca 7.04,7.04,
anc_id 533,match_name 533,match_admin 533,26.4386,2,P,mrca 6.12,6.12,
anc_id 534,match_name 534,match_admin 534,26.4317,3,P,mrca 5.02,5.02,
anc_id 535,match_name 535,match_admin 535,26.4027,2,M,mrca 7.38,7.38,
anc_id 536,match_name 536,match_admin 536,26.389,2,P,mrca 6.07,6.07,
anc_id 537,match_name 537,match_admin 537,26.3634,1,M,mrca 7.38,7.38,
anc_id 538,match_name 538,match_admin 538,26.2813,2,P,mrca 5.04,5.04,
anc_id 539,match_name 539,match_admin 539,26.2655,3,P,mrca 4.01,4.01,
anc_id 540,match_name 540,match_admin 540,26.2291,2,P,mrca 6.01,6.01,
anc_id 541,match_name 541,match_admin 541,26.2271,2,P,mrca 6.02,6.02,
anc_id 542,match_name 542,match_admin 542,26.218,1,M,mrca 7.37,7.37,
anc_id 543,match_name 543,match_admin 543,26.1726,1,M,mrca 7.37,7.37,
anc_id 544,match_name 544,match_admin 544,26.164,1,P,mrca 7.12,7.12,
anc_id 545,match_name 545,match_admin 545,26.1632,1,P,mrca 5.06,5.06,
anc_id 546,match_name 546,match_admin 546,26.1613,1,P,mrca 7.04,7.04,
anc_id 547,match_name 547,match_admin 547,26.13,3,M,mrca 5.16,5.16,
anc_id 548,match_name 548,match_admin 548,26.1198,1,M,mrca 7.37,7.37,
anc_id 549,match_name 549,match_admin 549,26.1177,2,M,mrca 3.04,3.04,
anc_id 550,match_name 550,match_admin 550,26.1137,1,M,mrca 6.19,6.19,
anc_id 551,match_name 551,match_admin 551,26.1,1,M,mrca 6.19,6.19,
anc_id 552,match_name 552,match_admin 552,26.0917,2,P,mrca 6.07,6.07,
anc_id 553,match_name 553,match_admin 553,26.0539,2,P,mrca 5.03,5.03,
anc_id 554,match_name 554,match_admin 554,25.9913,2,P,mrca 4.01,4.01,
anc_id 555,match_name 555,match_admin 555,25.9863,2,P,mrca 4.01,4.01,
anc_id 556,match_name 556,match_admin 556,25.9716,2,M,mrca 6.19,6.19,
anc_id 557,match_name 557,match_admin 557,25.9622,2,P,mrca 7.06,7.06,
anc_id 558,match_name 558,match_admin 558,25.96,2,P,mrca 6.06,6.06,
anc_id 559,match_name 559,match_admin 559,25.9549,1,P,mrca 5.06,5.06,
anc_id 560,match_name 560,match_admin 560,25.9457,2,P,mrca 7.12,7.12,
anc_id 561,match_name 561,match_admin 561,25.9297,2,Unknown,mrca 6.05,6.05,
anc_id 562,match_name 562,match_admin 562,25.9,1,M,mrca 7.37,7.37,
anc_id 563,match_name 563,match_admin 563,25.8694,1,P,mrca 6.08,6.08,
anc_id 564,match_name 564,match_admin 564,25.858,2,M,mrca 5.15,5.15,
anc_id 565,match_name 565,match_admin 565,25.7964,1,P,mrca 5.03,5.03,
anc_id 566,match_name 566,match_admin 566,25.7871,1,M,mrca 7.37,7.37,
anc_id 567,match_name 567,match_admin 567,25.786,2,M,mrca 6.22,6.22,
anc_id 568,match_name 568,match_admin 568,25.7231,1,P,mrca 7.12,7.12,
anc_id 569,match_name 569,match_admin 569,25.7213,1,M,mrca 7.38,7.38,
anc_id 570,match_name 570,match_admin 570,25.7143,1,M,mrca 6.24,6.24,
anc_id 571,match_name 571,match_admin 571,25.6921,3,M,mrca 7.37,7.37,
anc_id 572,match_name 572,match_admin 572,25.668,1,P,mrca 5.06,5.06,
anc_id 573,match_name 573,match_admin 573,25.6311,1,P,mrca 6.08,6.08,
anc_id 574,match_name 574,match_admin 574,25.6199,3,P,mrca 5.02,5.02,
anc_id 575,match_name 575,match_admin 575,25.6096,3,P,mrca 6.05,6.05,
anc_id 576,match_name 576,match_admin 576,25.5817,1,M,mrca 6.17,6.17,
anc_id 577,match_name 577,match_admin 577,25.5615,1,M,mrca 6.3,6.3,
anc_id 578,match_name 578,match_admin 578,25.5607,2,M,mrca 5.12,5.12,
anc_id 579,match_name 579,match_admin 579,25.5531,1,M,mrca 5.1,5.1,
anc_id 580,match_name 580,match_admin 580,25.536,1,M,mrca 7.38,7.38,
anc_id 581,match_name 581,match_admin 581,25.5111,1,M,mrca 7.37,7.37,
anc_id 582,match_name 582,match_admin 582,25.4602,3,M,mrca 6.19,6.19,
anc_id 583,match_name 583,match_admin 583,25.4537,1,M,mrca 6.3,6.3,
anc_id 584,match_name 584,match_admin 584,25.4353,2,P,mrca 6.03,6.03,
anc_id 585,match_name 585,match_admin 585,25.435,1,P,mrca 6.08,6.08,
anc_id 586,match_name 586,match_admin 586,25.4215,1,M,mrca 6.24,6.24,
anc_id 587,match_name 587,match_admin 587,25.4208,2,M,mrca 6.19,6.19,
anc_id 588,match_name 588,match_admin 588,25.3937,1,P,mrca 7.12,7.12,
anc_id 589,match_name 589,match_admin 589,25.3596,2,M,mrca 5.15,5.15,
anc_id 590,match_name 590,match_admin 590,25.3504,1,M,mrca 6.19,6.19,
anc_id 591,match_name 591,match_admin 591,25.3501,1,M,mrca 6.19,6.19,
anc_id 592,match_name 592,match_admin 592,25.3337,1,P,mrca 7.12,7.12,
anc_id 593,match_name 593,match_admin 593,25.318,1,P,mrca 7.12,7.12,
anc_id 594,match_name 594,match_admin 594,25.3106,1,M,mrca 6.19,6.19,
anc_id 595,match_name 595,match_admin 595,25.2946,2,M,mrca 6.19,6.19,
anc_id 596,match_name 596,match_admin 596,25.2894,2,P,mrca 6.15,6.15,
anc_id 597,match_name 597,match_admin 597,25.2788,2,M,mrca 5.1,5.1,
anc_id 598,match_name 598,match_admin 598,25.2776,1,M,mrca 6.19,6.19,
anc_id 599,match_name 599,match_admin 599,25.2383,2,M,mrca 5.11,5.11,
anc_id 600,match_name 600,match_admin 600,25.2018,1,M,mrca 6.2,6.2,
anc_id 601,match_name 601,match_admin 601,25.1788,1,M,mrca 6.19,6.19,
anc_id 602,match_name 602,match_admin 602,25.1637,3,P,mrca 5.03,5.03,
anc_id 603,match_name 603,match_admin 603,25.1349,3,M,mrca 5.1,5.1,
anc_id 604,match_name 604,match_admin 604,25.1167,2,P,mrca 6.05,6.05,
anc_id 605,match_name 605,match_admin 605,25.0605,1,P,mrca 7.04,7.04,
anc_id 606,match_name 606,match_admin 606,25.0505,4,M,mrca 3.04,3.04,
anc_id 607,match_name 607,match_admin 607,25.0502,2,P,mrca 4.01,4.01,
anc_id 608,match_name 608,match_admin 608,25.041,2,M,mrca 7.37,7.37,
anc_id 609,match_name 609,match_admin 609,25.034,2,M,mrca 5.1,5.1,
anc_id 610,match_name 610,match_admin 610,25.0228,1,P,mrca 6.08,6.08,
anc_id 611,match_name 611,match_admin 611,25.0053,2,M,mrca 6.27,6.27,
anc_id 612,match_name 612,match_admin 612,24.9821,1,P,mrca 7.14,7.14,
anc_id 613,match_name 613,match_admin 613,24.9489,1,P,mrca 8,8,
anc_id 614,match_name 614,match_admin 614,24.9222,1,M,mrca 6.24,6.24,
anc_id 615,match_name 615,match_admin 615,24.9087,1,P,mrca 5.06,5.06,
anc_id 616,match_name 616,match_admin 616,24.8893,2,M,mrca 5.11,5.11,
anc_id 617,match_name 617,match_admin 617,24.8685,2,P,mrca 5.03,5.03,
anc_id 618,match_name 618,match_admin 618,24.8662,2,P,mrca 6.01,6.01,
anc_id 619,match_name 619,match_admin 619,24.8465,2,M,mrca 6.19,6.19,
anc_id 620,match_name 620,match_admin 620,24.8456,1,M,mrca 7.37,7.37,
anc_id 621,match_name 621,match_admin 621,24.8209,2,P,mrca 5.03,5.03,
anc_id 622,match_name 622,match_admin 622,24.8191,2,P,mrca 5.04,5.04,
anc_id 623,match_name 623,match_admin 623,24.8062,2,M,mrca 5.15,5.15,
anc_id 624,match_name 624,match_admin 624,24.7947,3,M,mrca 7.43,7.43,
anc_id 625,match_name 625,match_admin 625,24.7881,2,P,mrca 6.01,6.01,
anc_id 626,match_name 626,match_admin 626,24.7783,1,M,mrca 5.14,5.14,
anc_id 627,match_name 627,match_admin 627,24.7726,2,M,mrca 7.37,7.37,
anc_id 628,match_name 628,match_admin 628,24.7335,1,M,mrca 5.13,5.13,
anc_id 629,match_name 629,match_admin 629,24.7049,2,P,mrca 6.07,6.07,
anc_id 630,match_name 630,match_admin 630,24.6827,1,P,mrca 7.12,7.12,
anc_id 631,match_name 631,match_admin 631,24.6772,1,M,mrca 7.38,7.38,
anc_id 632,match_name 632,match_admin 632,24.6385,1,P,mrca 7.04,7.04,
anc_id 633,match_name 633,match_admin 633,24.6096,1,M,mrca 7.37,7.37,
anc_id 634,match_name 634,match_admin 634,24.5825,1,P,mrca 8,8,
anc_id 635,match_name 635,match_admin 635,24.5707,3,P,mrca 5.02,5.02,
anc_id 636,match_name 636,match_admin 636,24.5404,2,M,mrca 6.19,6.19,
anc_id 637,match_name 637,match_admin 637,24.5132,2,both,mrca 6.05,6.05,
anc_id 638,match_name 638,match_admin 638,24.506,3,M,mrca 6.22,6.22,
anc_id 639,match_name 639,match_admin 639,24.4626,2,P,mrca 5.03,5.03,
anc_id 640,match_name 640,match_admin 640,24.4356,1,P,mrca 5.03,5.03,
anc_id 641,match_name 641,match_admin 641,24.419,1,P,mrca 7.17,7.17,
anc_id 642,match_name 642,match_admin 642,24.418,2,P,mrca 5.03,5.03,
anc_id 643,match_name 643,match_admin 643,24.4109,2,P,mrca 5.03,5.03,
anc_id 644,match_name 644,match_admin 644,24.3833,2,M,mrca 6.24,6.24,
anc_id 645,match_name 645,match_admin 645,24.3777,3,P,mrca 6.05,6.05,
anc_id 646,match_name 646,match_admin 646,24.36,2,M,mrca 7.37,7.37,
anc_id 647,match_name 647,match_admin 647,24.3385,1,M,mrca 5.1,5.1,
anc_id 648,match_name 648,match_admin 648,24.3366,2,P,mrca 5.03,5.03,
anc_id 649,match_name 649,match_admin 649,24.3261,1,P,mrca 8,8,
anc_id 650,match_name 650,match_admin 650,24.3008,1,M,mrca 7.37,7.37,
anc_id 651,match_name 651,match_admin 651,24.2799,2,P,mrca 5.04,5.04,
anc_id 652,match_name 652,match_admin 652,24.2584,1,M,mrca 7.4,7.4,
anc_id 653,match_name 653,match_admin 653,24.2368,1,P,mrca 7.07,7.07,
anc_id 654,match_name 654,match_admin 654,24.208,1,M,mrca 7.37,7.37,
anc_id 655,match_name 655,match_admin 655,24.2065,2,M,mrca 6.24,6.24,
anc_id 656,match_name 656,match_admin 656,24.1966,2,M,mrca 5.09,5.09,
anc_id 657,match_name 657,match_admin 657,24.193,2,M,mrca 6.24,6.24,
anc_id 658,match_name 658,match_admin 658,24.1666,1,M,mrca 7.38,7.38,
anc_id 659,match_name 659,match_admin 659,24.1431,2,P,mrca 5.02,5.02,
anc_id 660,match_name 660,match_admin 660,24.1258,2,M,mrca 6.19,6.19,
anc_id 661,match_name 661,match_admin 661,24.1203,1,M,mrca 7.38,7.38,
anc_id 662,match_name 662,match_admin 662,24.0927,2,P,mrca 5.03,5.03,
anc_id 663,match_name 663,match_admin 663,24.0776,1,P,mrca 7.04,7.04,
anc_id 664,match_name 664,match_admin 664,24.0609,1,M,mrca 6.24,6.24,
anc_id 665,match_name 665,match_admin 665,24.0349,1,P,mrca 7.16,7.16,
anc_id 666,match_name 666,match_admin 666,24.0342,1,M,mrca 7.38,7.38,
anc_id 667,match_name 667,match_admin 667,24.032,2,M,mrca 3.04,3.04,
anc_id 668,match_name 668,match_admin 668,24.031,1,M,mrca 5.13,5.13,
anc_id 669,match_name 669,match_admin 669,24.0278,1,M,mrca 4.06,4.06,
anc_id 670,match_name 670,match_admin 670,24.0237,1,P,mrca 5.02,5.02,
anc_id 671,match_name 671,match_admin 671,24.0106,1,M,mrca 7.38,7.38,
anc_id 672,match_name 672,match_admin 672,23.9854,2,P,mrca 5.02,5.02,
anc_id 673,match_name 673,match_admin 673,23.966,2,P,mrca 6.07,6.07,
anc_id 674,match_name 674,match_admin 674,23.9513,2,M,mrca 6.3,6.3,
anc_id 675,match_name 675,match_admin 675,23.9509,1,P,mrca 7.07,7.07,
anc_id 676,match_name 676,match_admin 676,23.9461,1,P,mrca 7.07,7.07,
anc_id 677,match_name 677,match_admin 677,23.9329,1,M,mrca 5.11,5.11,
anc_id 678,match_name 678,match_admin 678,23.926,1,M,mrca 7.37,7.37,
anc_id 679,match_name 679,match_admin 679,23.9218,1,M,mrca 7.38,7.38,
anc_id 680,match_name 680,match_admin 680,23.917,1,P,mrca 8,8,
anc_id 681,match_name 681,match_admin 681,23.916,2,P,mrca 5.03,5.03,
anc_id 682,match_name 682,match_admin 682,23.9121,1,M,mrca 6.3,6.3,
anc_id 683,match_name 683,match_admin 683,23.8782,3,P,mrca 6.06,6.06,
anc_id 684,match_name 684,match_admin 684,23.8776,1,P,mrca 7.21,7.21,
anc_id 685,match_name 685,match_admin 685,23.8519,1,M,mrca 7.38,7.38,
anc_id 686,match_name 686,match_admin 686,23.8515,1,M,mrca 7.37,7.37,
anc_id 687,match_name 687,match_admin 687,23.8434,2,P,mrca 6.06,6.06,
anc_id 688,match_name 688,match_admin 688,23.8417,2,Unknown,mrca 8,8,
anc_id 689,match_name 689,match_admin 689,23.823,3,M,mrca 6.19,6.19,
anc_id 690,match_name 690,match_admin 690,23.816,2,M,mrca 6.27,6.27,
anc_id 691,match_name 691,match_admin 691,23.8145,1,M,mrca 7.38,7.38,
anc_id 692,match_name 692,match_admin 692,23.8069,1,M,mrca 7.38,7.38,
anc_id 693,match_name 693,match_admin 693,23.775,2,M,mrca 5.15,5.15,
anc_id 694,match_name 694,match_admin 694,23.766,2,M,mrca 7.38,7.38,
anc_id 695,match_name 695,match_admin 695,23.7652,1,P,mrca 6.04,6.04,
anc_id 696,match_name 696,match_admin 696,23.7624,1,M,mrca 5.09,5.09,
anc_id 697,match_name 697,match_admin 697,23.737,2,M,mrca 7.37,7.37,
anc_id 698,match_name 698,match_admin 698,23.7223,1,M,mrca 7.38,7.38,
anc_id 699,match_name 699,match_admin 699,23.6712,1,M,mrca 6.2,6.2,
anc_id 700,match_name 700,match_admin 700,23.6482,2,M,mrca 6.27,6.27,
anc_id 701,match_name 701,match_admin 701,23.6471,2,M,mrca 7.37,7.37,
anc_id 702,match_name 702,match_admin 702,23.6318,2,M,mrca 4.07,4.07,
anc_id 703,match_name 703,match_admin 703,23.6289,1,M,mrca 7.37,7.37,
anc_id 704,match_name 704,match_admin 704,23.6127,1,P,mrca 7.21,7.21,
anc_id 705,match_name 705,match_admin 705,23.5731,2,M,mrca 5.1,5.1,
anc_id 706,match_name 706,match_admin 706,23.5722,1,M,mrca 5.14,5.14,
anc_id 707,match_name 707,match_admin 707,23.5618,1,M,mrca 7.37,7.37,
anc_id 708,match_name 708,match_admin 708,23.553,1,M,mrca 5.1,5.1,
anc_id 709,match_name 709,match_admin 709,23.5352,1,P,mrca 7.21,7.21,
anc_id 710,match_name 710,match_admin 710,23.506,2,M,mrca 6.19,6.19,
anc_id 711,match_name 711,match_admin 711,23.4958,2,P,mrca 6.04,6.04,
anc_id 712,match_name 712,match_admin 712,23.4879,1,M,mrca 5.1,5.1,
anc_id 713,match_name 713,match_admin 713,23.4818,1,M,mrca 7.37,7.37,
anc_id 714,match_name 714,match_admin 714,23.4783,1,M,mrca 7.38,7.38,
anc_id 715,match_name 715,match_admin 715,23.4751,1,M,mrca 7.37,7.37,
anc_id 716,match_name 716,match_admin 716,23.445,1,M,mrca 6.19,6.19,
anc_id 717,match_name 717,match_admin 717,23.4171,2,M,mrca 5.1,5.1,
anc_id 718,match_name 718,match_admin 718,23.4125,2,M,mrca 7.37,7.37,
anc_id 719,match_name 719,match_admin 719,23.374,1,M,mrca 7.38,7.38,
anc_id 720,match_name 720,match_admin 720,23.3558,2,M,mrca 6.19,6.19,
anc_id 721,match_name 721,match_admin 721,23.3533,2,M,mrca 6.19,6.19,
anc_id 722,match_name 722,match_admin 722,23.3328,1,P,mrca 6.08,6.08,
anc_id 723,match_name 723,match_admin 723,23.308,1,P,mrca 6.01,6.01,
anc_id 724,match_name 724,match_admin 724,23.2894,1,P,mrca 7.12,7.12,
anc_id 725,match_name 725,match_admin 725,23.2852,1,P,mrca 6.01,6.01,
anc_id 726,match_name 726,match_admin 726,23.2686,2,P,mrca 6.12,6.12,
anc_id 727,match_name 727,match_admin 727,23.2657,2,M,mrca 5.11,5.11,
anc_id 728,match_name 728,match_admin 728,23.2641,2,Unknown,mrca 7.07,7.07,
anc_id 729,match_name 729,match_admin 729,23.2338,1,M,mrca 4.08,4.08,
anc_id 730,match_name 730,match_admin 730,23.2201,1,M,mrca 5.13,5.13,
anc_id 731,match_name 731,match_admin 731,23.1716,1,M,mrca 7.37,7.37,
anc_id 732,match_name 732,match_admin 732,23.1602,2,P,mrca 5.02,5.02,
anc_id 733,match_name 733,match_admin 733,23.1513,2,P,mrca 6.06,6.06,
anc_id 734,match_name 734,match_admin 734,23.1139,1,P,mrca 6.06,6.06,
anc_id 735,match_name 735,match_admin 735,23.0885,3,P,mrca 4.02,4.02,
anc_id 736,match_name 736,match_admin 736,23.0697,2,P,mrca 5.07,5.07,
anc_id 737,match_name 737,match_admin 737,23.0569,1,M,mrca 7.38,7.38,
anc_id 738,match_name 738,match_admin 738,23.0513,2,M,mrca 7.39,7.39,
anc_id 739,match_name 739,match_admin 739,23.0483,1,M,mrca 7.37,7.37,
anc_id 740,match_name 740,match_admin 740,22.9994,2,P,mrca 6.05,6.05,
anc_id 741,match_name 741,match_admin 741,22.9866,1,P,mrca 7.04,7.04,
anc_id 742,match_name 742,match_admin 742,22.963,2,M,mrca 7.37,7.37,
anc_id 743,match_name 743,match_admin 743,22.9224,2,P,mrca 5.04,5.04,
anc_id 744,match_name 744,match_admin 744,22.9209,2,M,mrca 7.43,7.43,
anc_id 745,match_name 745,match_admin 745,22.885,1,P,mrca 7.04,7.04,
anc_id 746,match_name 746,match_admin 746,22.8695,1,P,mrca 5.03,5.03,
anc_id 747,match_name 747,match_admin 747,22.8685,2,M,mrca 7.37,7.37,
anc_id 748,match_name 748,match_admin 748,22.8462,1,P,mrca 7.07,7.07,
anc_id 749,match_name 749,match_admin 749,22.8205,1,P,mrca 8,8,
anc_id 750,match_name 750,match_admin 750,22.8173,2,M,mrca 7.37,7.37,
anc_id 751,match_name 751,match_admin 751,22.8045,2,Unknown,mrca 6.19,6.19,
anc_id 752,match_name 752,match_admin 752,22.7523,2,M,mrca 7.37,7.37,
anc_id 753,match_name 753,match_admin 753,22.7516,1,P,mrca 6.08,6.08,
anc_id 754,match_name 754,match_admin 754,22.7496,1,M,mrca 6.19,6.19,
anc_id 755,match_name 755,match_admin 755,22.746,2,P,mrca 6.05,6.05,
anc_id 756,match_name 756,match_admin 756,22.6999,2,M,mrca 6.22,6.22,
anc_id 757,match_name 757,match_admin 757,22.6917,1,M,mrca 7.38,7.38,
anc_id 758,match_name 758,match_admin 758,22.6643,3,M,mrca 5.1,5.1,
anc_id 759,match_name 759,match_admin 759,22.6538,2,Unknown,mrca 7.37,7.37,
anc_id 760,match_name 760,match_admin 760,22.6524,1,M,mrca 5.14,5.14,
anc_id 761,match_name 761,match_admin 761,22.6492,3,P,mrca 4.01,4.01,
anc_id 762,match_name 762,match_admin 762,22.6447,1,P,mrca 7.16,7.16,
anc_id 763,match_name 763,match_admin 763,22.6396,2,M,mrca 5.14,5.14,
anc_id 764,match_name 764,match_admin 764,22.6369,1,M,mrca 6.22,6.22,
anc_id 765,match_name 765,match_admin 765,22.6313,2,P,mrca 5.02,5.02,
anc_id 766,match_name 766,match_admin 766,22.6285,1,P,mrca 7.16,7.16,
anc_id 767,match_name 767,match_admin 767,22.5998,1,P,mrca 6.04,6.04,
anc_id 768,match_name 768,match_admin 768,22.5821,1,P,mrca 5.02,5.02,
anc_id 769,match_name 769,match_admin 769,22.5794,2,M,mrca 7.37,7.37,
anc_id 770,match_name 770,match_admin 770,22.5708,2,M,mrca 7.38,7.38,
anc_id 771,match_name 771,match_admin 771,22.5687,2,M,mrca 7.37,7.37,
anc_id 772,match_name 772,match_admin 772,22.5449,2,M,mrca 7.37,7.37,
anc_id 773,match_name 773,match_admin 773,22.5358,3,P,mrca 5.02,5.02,
anc_id 774,match_name 774,match_admin 774,22.511,2,Unknown,mrca 6.05,6.05,
anc_id 775,match_name 775,match_admin 775,22.4904,1,P,mrca 7.16,7.16,
anc_id 776,match_name 776,match_admin 776,22.4902,2,M,mrca 4.07,4.07,
anc_id 777,match_name 777,match_admin 777,22.4719,2,P,mrca 6.04,6.04,
anc_id 778,match_name 778,match_admin 778,22.4565,1,M,mrca 5.09,5.09,
anc_id 779,match_name 779,match_admin 779,22.4431,2,M,mrca 6.24,6.24,
anc_id 780,match_name 780,match_admin 780,22.4315,2,M,mrca 5.1,5.1,
anc_id 781,match_name 781,match_admin 781,22.4134,3,M,mrca 5.11,5.11,
anc_id 782,match_name 782,match_admin 782,22.38,2,M,mrca 7.38,7.38,
anc_id 783,match_name 783,match_admin 783,22.379,2,M,mrca 6.28,6.28,
anc_id 784,match_name 784,match_admin 784,22.3752,1,M,mrca 7.37,7.37,
anc_id 785,match_name 785,match_admin 785,22.3611,2,P,mrca 5.02,5.02,
anc_id 786,match_name 786,match_admin 786,22.358,2,M,mrca 7.38,7.38,
anc_id 787,match_name 787,match_admin 787,22.3548,1,M,mrca 6.26,6.26,
anc_id 788,match_name 788,match_admin 788,22.3475,1,P,mrca 9,9,
anc_id 789,match_name 789,match_admin 789,22.2855,1,M,mrca 6.19,6.19,
anc_id 790,match_name 790,match_admin 790,22.2619,1,M,mrca 8,8,
anc_id 791,match_name 791,match_admin 791,22.2519,1,M,mrca 7.38,7.38,
anc_id 792,match_name 792,match_admin 792,22.2443,1,M,mrca 7.37,7.37,
anc_id 793,match_name 793,match_admin 793,22.2411,1,P,mrca 6.06,6.06,
anc_id 794,match_name 794,match_admin 794,22.2243,1,P,mrca 6.06,6.06,
anc_id 795,match_name 795,match_admin 795,22.2141,1,P,mrca 6.15,6.15,
anc_id 796,match_name 796,match_admin 796,22.2079,1,M,mrca 6.2,6.2,
anc_id 797,match_name 797,match_admin 797,22.1952,2,M,mrca 7.38,7.38,
anc_id 798,match_name 798,match_admin 798,22.1814,1,P,mrca 7.21,7.21,
anc_id 799,match_name 799,match_admin 799,22.1708,2,P,mrca 4.01,4.01,
anc_id 800,match_name 800,match_admin 800,22.1704,2,P,mrca 6.06,6.06,
anc_id 801,match_name 801,match_admin 801,22.1701,2,M,mrca 6.28,6.28,
anc_id 802,match_name 802,match_admin 802,22.1563,2,P,mrca 5.03,5.03,
anc_id 803,match_name 803,match_admin 803,22.1521,3,M,mrca 6.19,6.19,
anc_id 804,match_name 804,match_admin 804,22.1415,1,M,mrca 6.24,6.24,
anc_id 805,match_name 805,match_admin 805,22.0941,2,P,mrca 7.06,7.06,
anc_id 806,match_name 806,match_admin 806,22.0896,2,M,mrca 7.38,7.38,
anc_id 807,match_name 807,match_admin 807,22.0813,1,P,mrca 9,9,
anc_id 808,match_name 808,match_admin 808,22.0685,1,M,mrca 5.1,5.1,
anc_id 809,match_name 809,match_admin 809,22.0463,1,P,mrca 8,8,
anc_id 810,match_name 810,match_admin 810,22.042,1,M,mrca 6.19,6.19,
anc_id 811,match_name 811,match_admin 811,22.0361,2,Unknown,mrca 6.22,6.22,
anc_id 812,match_name 812,match_admin 812,22.023,1,P,mrca 6.1,6.1,
anc_id 813,match_name 813,match_admin 813,22.0219,2,P,mrca 5.03,5.03,
anc_id 814,match_name 814,match_admin 814,22.0147,1,P,mrca 6.05,6.05,
anc_id 815,match_name 815,match_admin 815,22.0092,2,P,mrca 4.02,4.02,
anc_id 816,match_name 816,match_admin 816,22.0034,1,M,mrca 7.37,7.37,
anc_id 817,match_name 817,match_admin 817,22,1,M,mrca 7.38,7.38,
anc_id 818,match_name 818,match_admin 818,22,1,M,mrca 7.37,7.37,
anc_id 819,match_name 819,match_admin 819,21.9919,2,P,mrca 6.04,6.04,
anc_id 820,match_name 820,match_admin 820,21.9905,1,M,mrca 7.37,7.37,
anc_id 821,match_name 821,match_admin 821,21.9608,1,M,mrca 6.3,6.3,
anc_id 822,match_name 822,match_admin 822,21.934,1,M,mrca 6.19,6.19,
anc_id 823,match_name 823,match_admin 823,21.9245,1,P,mrca 6.07,6.07,
anc_id 824,match_name 824,match_admin 824,21.9154,2,M,mrca 7.38,7.38,
anc_id 825,match_name 825,match_admin 825,21.915,1,M,mrca 7.04,7.04,
anc_id 826,match_name 826,match_admin 826,21.906,1,P,mrca 5.02,5.02,
anc_id 827,match_name 827,match_admin 827,21.8544,2,Unknown,mrca 5.02,5.02,
anc_id 828,match_name 828,match_admin 828,21.8347,2,M,mrca 6.19,6.19,
anc_id 829,match_name 829,match_admin 829,21.8286,1,P,mrca 6.07,6.07,
anc_id 830,match_name 830,match_admin 830,21.8173,1,P,mrca 7.04,7.04,
anc_id 831,match_name 831,match_admin 831,21.8104,1,P,mrca 7.14,7.14,
anc_id 832,match_name 832,match_admin 832,21.805,1,P,mrca 5.02,5.02,
anc_id 833,match_name 833,match_admin 833,21.7775,2,M,mrca 6.26,6.26,
anc_id 834,match_name 834,match_admin 834,21.7349,1,P,mrca 6.06,6.06,
anc_id 835,match_name 835,match_admin 835,21.7298,2,P,mrca 6.06,6.06,
anc_id 836,match_name 836,match_admin 836,21.7276,1,P,mrca 8,8,
anc_id 837,match_name 837,match_admin 837,21.72,2,M,mrca 5.1,5.1,
anc_id 838,match_name 838,match_admin 838,21.7085,2,Unknown,mrca 5.06,5.06,
anc_id 839,match_name 839,match_admin 839,21.7029,1,P,mrca 9,9,
anc_id 840,match_name 840,match_admin 840,21.694,1,M,mrca 5.1,5.1,
anc_id 841,match_name 841,match_admin 841,21.6933,1,M,mrca 7.53,7.53,
anc_id 842,match_name 842,match_admin 842,21.6472,1,M,mrca 6.19,6.19,
anc_id 843,match_name 843,match_admin 843,21.646,1,M,mrca 6.19,6.19,
anc_id 844,match_name 844,match_admin 844,21.6352,1,M,mrca 3.04,3.04,
anc_id 845,match_name 845,match_admin 845,21.585,1,M,mrca 7.37,7.37,
anc_id 846,match_name 846,match_admin 846,21.5725,1,M,mrca 7.38,7.38,
anc_id 847,match_name 847,match_admin 847,21.5707,1,M,mrca 7.38,7.38,
anc_id 848,match_name 848,match_admin 848,21.5525,1,P,mrca 6.06,6.06,
anc_id 849,match_name 849,match_admin 849,21.5507,1,P,mrca 8,8,
anc_id 850,match_name 850,match_admin 850,21.549,3,M,mrca 7.37,7.37,
anc_id 851,match_name 851,match_admin 851,21.5249,2,M,mrca 6.19,6.19,
anc_id 852,match_name 852,match_admin 852,21.5167,2,M,mrca 5.1,5.1,
anc_id 853,match_name 853,match_admin 853,21.5163,2,M,mrca 6.2,6.2,
anc_id 854,match_name 854,match_admin 854,21.5101,3,P,mrca 5.02,5.02,
anc_id 855,match_name 855,match_admin 855,21.5054,1,M,mrca 7.38,7.38,
anc_id 856,match_name 856,match_admin 856,21.4669,2,M,mrca 7.37,7.37,
anc_id 857,match_name 857,match_admin 857,21.4593,1,P,mrca 6.07,6.07,
anc_id 858,match_name 858,match_admin 858,21.4589,1,P,mrca 8,8,
anc_id 859,match_name 859,match_admin 859,21.458,2,P,mrca 8,8,
anc_id 860,match_name 860,match_admin 860,21.4477,1,M,mrca 6.19,6.19,
anc_id 861,match_name 861,match_admin 861,21.4374,2,M,mrca 5.1,5.1,
anc_id 862,match_name 862,match_admin 862,21.4253,2,Unknown,mrca 7.37,7.37,
anc_id 863,match_name 863,match_admin 863,21.4237,1,P,mrca 7.21,7.21,
anc_id 864,match_name 864,match_admin 864,21.4116,3,M,mrca 6.24,6.24,
anc_id 865,match_name 865,match_admin 865,21.3955,1,M,mrca 5.15,5.15,
anc_id 866,match_name 866,match_admin 866,21.3815,2,M,mrca 6.3,6.3,
anc_id 867,match_name 867,match_admin 867,21.3626,2,P,mrca 6.04,6.04,
anc_id 868,match_name 868,match_admin 868,21.3444,2,M,mrca 5.1,5.1,
anc_id 869,match_name 869,match_admin 869,21.3385,1,M,mrca 7.37,7.37,
anc_id 870,match_name 870,match_admin 870,21.3303,2,M,mrca 5.15,5.15,
anc_id 871,match_name 871,match_admin 871,21.3249,1,P,mrca 7.14,7.14,
anc_id 872,match_name 872,match_admin 872,21.3164,2,P,mrca 5.03,5.03,
anc_id 873,match_name 873,match_admin 873,21.3087,2,M,mrca 5.11,5.11,
anc_id 874,match_name 874,match_admin 874,21.2978,2,M,mrca 6.19,6.19,
anc_id 875,match_name 875,match_admin 875,21.2962,1,M,mrca 7.38,7.38,
anc_id 876,match_name 876,match_admin 876,21.2822,1,M,mrca 6.19,6.19,
anc_id 877,match_name 877,match_admin 877,21.2658,3,M,mrca 6.22,6.22,
anc_id 878,match_name 878,match_admin 878,21.2411,1,M,mrca 7.38,7.38,
anc_id 879,match_name 879,match_admin 879,21.2352,1,M,mrca 7.38,7.38,
anc_id 880,match_name 880,match_admin 880,21.2294,2,P,mrca 5.02,5.02,
anc_id 881,match_name 881,match_admin 881,21.2256,1,P,mrca 7.12,7.12,
anc_id 882,match_name 882,match_admin 882,21.2254,2,P,mrca 5.04,5.04,
anc_id 883,match_name 883,match_admin 883,21.2105,1,M,mrca 6.28,6.28,
anc_id 884,match_name 884,match_admin 884,21.2093,2,P,mrca 5.04,5.04,
anc_id 885,match_name 885,match_admin 885,21.2058,3,P,mrca 6.06,6.06,
anc_id 886,match_name 886,match_admin 886,21.2057,1,P,mrca 5.03,5.03,
anc_id 887,match_name 887,match_admin 887,21.1989,1,M,mrca 6.3,6.3,
anc_id 888,match_name 888,match_admin 888,21.1808,1,M,mrca 6.19,6.19,
anc_id 889,match_name 889,match_admin 889,21.1725,1,P,mrca 6.04,6.04,
anc_id 890,match_name 890,match_admin 890,21.1615,2,M,mrca 7.37,7.37,
anc_id 891,match_name 891,match_admin 891,21.157,1,M,mrca 6.24,6.24,
anc_id 892,match_name 892,match_admin 892,21.1439,2,P,mrca 6.07,6.07,
anc_id 893,match_name 893,match_admin 893,21.1357,2,P,mrca 5.06,5.06,
anc_id 894,match_name 894,match_admin 894,21.1255,2,P,mrca 5.08,5.08,
anc_id 895,match_name 895,match_admin 895,21.1241,2,P,mrca 6.12,6.12,
anc_id 896,match_name 896,match_admin 896,21.106,2,P,mrca 3.02,3.02,
anc_id 897,match_name 897,match_admin 897,21.0954,1,P,mrca 5.06,5.06,
anc_id 898,match_name 898,match_admin 898,21.0895,3,M,mrca 5.11,5.11,
anc_id 899,match_name 899,match_admin 899,21.0622,2,P,mrca 4.01,4.01,
anc_id 900,match_name 900,match_admin 900,21.0357,1,P,mrca 7.06,7.06,
anc_id 901,match_name 901,match_admin 901,21.0131,1,M,mrca 6.19,6.19,
anc_id 902,match_name 902,match_admin 902,21.0127,1,P,mrca 7.07,7.07,
anc_id 903,match_name 903,match_admin 903,20.9962,1,P,mrca 7.04,7.04,
anc_id 904,match_name 904,match_admin 904,20.9667,2,M,mrca 6.21,6.21,
anc_id 905,match_name 905,match_admin 905,20.9654,2,M,mrca 5.11,5.11,
anc_id 906,match_name 906,match_admin 906,20.9472,2,P,mrca 6.08,6.08,
anc_id 907,match_name 907,match_admin 907,20.9418,1,M,mrca 6.2,6.2,
anc_id 908,match_name 908,match_admin 908,20.925,2,M,mrca 6.19,6.19,
anc_id 909,match_name 909,match_admin 909,20.9172,1,M,mrca 6.19,6.19,
anc_id 910,match_name 910,match_admin 910,20.9156,1,P,mrca 5.02,5.02,
anc_id 911,match_name 911,match_admin 911,20.8913,1,P,mrca 7.12,7.12,
anc_id 912,match_name 912,match_admin 912,20.8889,2,M,mrca 5.16,5.16,
anc_id 913,match_name 913,match_admin 913,20.8772,1,M,mrca 6.21,6.21,
anc_id 914,match_name 914,match_admin 914,20.8372,1,M,mrca 5.15,5.15,
anc_id 915,match_name 915,match_admin 915,20.8319,1,M,mrca 7.37,7.37,
anc_id 916,match_name 916,match_admin 916,20.817,2,Unknown,mrca 5.03,5.03,
anc_id 917,match_name 917,match_admin 917,20.7834,2,M,mrca 6.19,6.19,
anc_id 918,match_name 918,match_admin 918,20.7732,1,M,mrca 7.37,7.37,
anc_id 919,match_name 919,match_admin 919,20.7589,1,M,mrca 6.26,6.26,
anc_id 920,match_name 920,match_admin 920,20.7507,1,P,mrca 7.04,7.04,
anc_id 921,match_name 921,match_admin 921,20.7381,2,M,mrca 5.1,5.1,
anc_id 922,match_name 922,match_admin 922,20.7303,2,M,mrca 6.22,6.22,
anc_id 923,match_name 923,match_admin 923,20.7159,1,M,mrca 6.19,6.19,
anc_id 924,match_name 924,match_admin 924,20.7107,2,M,mrca 7.33,7.33,
anc_id 925,match_name 925,match_admin 925,20.697,2,M,mrca 7.38,7.38,
anc_id 926,match_name 926,match_admin 926,20.6743,1,P,mrca 6.08,6.08,
anc_id 927,match_name 927,match_admin 927,20.6664,2,Unknown,mrca 6.15,6.15,
anc_id 928,match_name 928,match_admin 928,20.6584,1,P,mrca 4.02,4.02,
anc_id 929,match_name 929,match_admin 929,20.6176,2,Unknown,mrca 6.17,6.17,
anc_id 930,match_name 930,match_admin 930,20.6029,1,P,mrca 6.04,6.04,
anc_id 931,match_name 931,match_admin 931,20.6002,3,M,mrca 5.1,5.1,
anc_id 932,match_name 932,match_admin 932,20.5747,2,P,mrca 8,8,
anc_id 933,match_name 933,match_admin 933,20.5669,2,Unknown,mrca 7.37,7.37,
anc_id 934,match_name 934,match_admin 934,20.5501,1,P,mrca 7.17,7.17,
anc_id 935,match_name 935,match_admin 935,20.5463,2,M,mrca 5.11,5.11,
anc_id 936,match_name 936,match_admin 936,20.5252,1,P,mrca 7.21,7.21,
anc_id 937,match_name 937,match_admin 937,20.5177,2,M,mrca 7.38,7.38,
anc_id 938,match_name 938,match_admin 938,20.5147,2,M,mrca 5.1,5.1,
anc_id 939,match_name 939,match_admin 939,20.5039,1,M,mrca 7.53,7.53,
anc_id 940,match_name 940,match_admin 940,20.5029,1,M,mrca 7.37,7.37,
anc_id 941,match_name 941,match_admin 941,20.5027,1,P,mrca 6.02,6.02,
anc_id 942,match_name 942,match_admin 942,20.5018,1,M,mrca 6.19,6.19,
anc_id 943,match_name 943,match_admin 943,20.5013,2,P,mrca 6.08,6.08,
anc_id 944,match_name 944,match_admin 944,20.5009,1,M,mrca 6.2,6.2,
anc_id 945,match_name 945,match_admin 945,20.4873,1,P,mrca 7.04,7.04,
anc_id 946,match_name 946,match_admin 946,20.4796,1,P,mrca 7.04,7.04,
anc_id 947,match_name 947,match_admin 947,20.4785,2,P,mrca 7.07,7.07,
anc_id 948,match_name 948,match_admin 948,20.4354,1,M,mrca 5.1,5.1,
anc_id 949,match_name 949,match_admin 949,20.4176,1,M,mrca 5.11,5.11,
anc_id 950,match_name 950,match_admin 950,20.4115,2,M,mrca 5.11,5.11,
anc_id 951,match_name 951,match_admin 951,20.407,1,P,mrca 6.05,6.05,
anc_id 952,match_name 952,match_admin 952,20.4023,1,M,mrca 7.37,7.37,
anc_id 953,match_name 953,match_admin 953,20.3895,1,P,mrca 6.12,6.12,
anc_id 954,match_name 954,match_admin 954,20.3853,2,M,mrca 5.1,5.1,
anc_id 955,match_name 955,match_admin 955,20.385,1,P,mrca 7.12,7.12,
anc_id 956,match_name 956,match_admin 956,20.373,2,P,mrca 6.08,6.08,
anc_id 957,match_name 957,match_admin 957,20.3642,2,M,mrca 7.38,7.38,
anc_id 958,match_name 958,match_admin 958,20.3636,1,M,mrca 6.19,6.19,
anc_id 959,match_name 959,match_admin 959,20.3257,1,M,mrca 5.15,5.15,
anc_id 960,match_name 960,match_admin 960,20.2636,1,M,mrca 6.19,6.19,
anc_id 961,match_name 961,match_admin 961,20.2119,1,P,mrca 9,9,
anc_id 962,match_name 962,match_admin 962,20.208,2,Unknown,mrca 7.07,7.07,
anc_id 963,match_name 963,match_admin 963,20.1956,1,P,mrca 4.01,4.01,
anc_id 964,match_name 964,match_admin 964,20.1893,2,P,mrca 5.05,5.05,
anc_id 965,match_name 965,match_admin 965,20.1888,1,M,mrca 7.38,7.38,
anc_id 966,match_name 966,match_admin 966,20.177,1,M,mrca 5.11,5.11,
anc_id 967,match_name 967,match_admin 967,20.1727,2,P,mrca 6.04,6.04,
anc_id 968,match_name 968,match_admin 968,20.1714,1,M,mrca 6.26,6.26,
anc_id 969,match_name 969,match_admin 969,20.1138,1,P,mrca 8,8,
anc_id 970,match_name 970,match_admin 970,20.1091,2,M,mrca 7.33,7.33,
anc_id 971,match_name 971,match_admin 971,20.0944,2,Unknown,mrca 5.16,5.16,
anc_id 972,match_name 972,match_admin 972,20.0806,2,M,mrca 7.37,7.37,
anc_id 973,match_name 973,match_admin 973,20.0554,2,M,mrca 7.37,7.37,
anc_id 974,match_name 974,match_admin 974,20.0552,1,P,mrca 7.07,7.07,
anc_id 975,match_name 975,match_admin 975,20.0479,2,M,mrca 6.22,6.22,
anc_id 976,match_name 976,match_admin 976,20.0259,1,P,mrca 8,8,
anc_id 977,match_name 977,match_admin 977,20.0157,2,P,mrca 5.01,5.01,
anc_id 978,match_name 978,match_admin 978,19.9479,1,M,mrca 5.15,5.15,
anc_id 979,match_name 979,match_admin 979,19.9241,1,P,mrca 4.02,4.02,
anc_id 980,match_name 980,match_admin 980,19.8632,1,M,mrca 6.2,6.2,
anc_id 981,match_name 981,match_admin 981,19.8368,2,M,mrca 5.11,5.11,
anc_id 982,match_name 982,match_admin 982,19.7944,1,M,mrca 5.13,5.13,
anc_id 983,match_name 983,match_admin 983,19.7877,2,P,mrca 5.08,5.08,
anc_id 984,match_name 984,match_admin 984,19.7695,1,P,mrca 6.16,6.16,
anc_id 985,match_name 985,match_admin 985,19.7674,2,M,mrca 7.37,7.37,
anc_id 986,match_name 986,match_admin 986,19.7559,2,M,mrca 6.19,6.19,
anc_id 987,match_name 987,match_admin 987,19.7459,1,P,mrca 7.06,7.06,
anc_id 988,match_name 988,match_admin 988,19.7322,1,M,mrca 7.37,7.37,
anc_id 989,match_name 989,match_admin 989,19.7046,1,M,mrca 6.25,6.25,
anc_id 990,match_name 990,match_admin 990,19.7019,1,P,mrca 6.03,6.03,
anc_id 991,match_name 991,match_admin 991,19.6834,1,P,mrca 7.12,7.12,
anc_id 992,match_name 992,match_admin 992,19.6439,1,P,mrca 5.08,5.08,
anc_id 993,match_name 993,match_admin 993,19.6225,1,P,mrca 7.12,7.12,
anc_id 994,match_name 994,match_admin 994,19.5943,1,P,mrca 5.08,5.08,
anc_id 995,match_name 995,match_admin 995,19.5816,1,P,mrca 5.02,5.02,
anc_id 996,match_name 996,match_admin 996,19.5537,1,M,mrca 7.38,7.38,
anc_id 997,match_name 997,match_admin 997,19.1952,2,P,mrca 8,8,
anc_id 998,match_name 998,match_admin 998,18.7275,2,P,mrca 5.08,5.08,
